symbol,time_utc,open,high,low,close,tick_volume,bar_state
XAUUSD,2026-08-31T14:20:00Z,2400.0,2401.0,2399.0,2400.0,100,CLOSED
XAUUSD,2026-08-31T14:25:00Z,2400.28137,2401.481431,2399.28137,2400.481431,101,CLOSED
XAUUSD,2026-08-31T14:30:00Z,2400.559914,2401.858074,2399.559914,2400.858074,102,CLOSED
XAUUSD,2026-08-31T14:35:00Z,2400.832849,2402.077151,2399.832849,2401.077151,103,CLOSED
XAUUSD,2026-08-31T14:40:00Z,2401.097478,2402.163413,2400.097478,2401.163413,104,CLOSED
XAUUSD,2026-08-31T14:45:00Z,2401.351228,2402.351228,2400.205192,2401.205192,105,CLOSED
XAUUSD,2026-08-31T14:50:00Z,2401.591691,2402.591691,2400.308112,2401.308112,106,CLOSED
XAUUSD,2026-08-31T14:55:00Z,2401.816661,2402.816661,2400.540064,2401.540064,107,CLOSED
XAUUSD,2026-08-31T15:00:00Z,2402.024164,2403.024164,2400.895519,2401.895519,108,CLOSED
XAUUSD,2026-08-31T15:05:00Z,2402.212492,2403.297362,2401.212492,2402.297362,109,CLOSED
XAUUSD,2026-08-31T15:10:00Z,2402.380224,2403.635355,2401.380224,2402.635355,110,CLOSED
XAUUSD,2026-08-31T15:15:00Z,2402.52625,2403.821615,2401.52625,2402.821615,111,CLOSED
XAUUSD,2026-08-31T15:20:00Z,2402.649787,2403.834852,2401.649787,2402.834852,112,CLOSED
XAUUSD,2026-08-31T15:25:00Z,2402.750387,2403.750387,2401.730834,2402.730834,100,CLOSED
XAUUSD,2026-08-31T15:30:00Z,2402.827947,2403.827947,2401.613741,2402.613741,101,CLOSED
XAUUSD,2026-08-31T15:35:00Z,2402.882708,2403.882708,2401.58302,2402.58302,102,CLOSED
XAUUSD,2026-08-31T15:40:00Z,2402.915249,2403.915249,2401.682814,2402.682814,103,CLOSED
XAUUSD,2026-08-31T15:45:00Z,2402.926479,2403.926479,2401.879759,2402.879759,104,CLOSED
XAUUSD,2026-08-31T15:50:00Z,2402.91762,2404.080425,2401.91762,2403.080425,105,CLOSED
XAUUSD,2026-08-31T15:55:00Z,2402.890189,2404.179546,2401.890189,2403.179546,106,CLOSED
XAUUSD,2026-08-31T16:00:00Z,2402.845972,2404.114409,2401.845972,2403.114409,107,CLOSED
XAUUSD,2026-08-31T16:05:00Z,2402.786996,2403.897705,2401.786996,2402.897705,108,CLOSED
XAUUSD,2026-08-31T16:10:00Z,2402.715498,2403.715498,2401.612055,2402.612055,109,CLOSED
XAUUSD,2026-08-31T16:15:00Z,2402.633886,2403.633886,2401.369011,2402.369011,110,CLOSED
XAUUSD,2026-08-31T16:20:00Z,2402.544704,2403.544704,2401.253391,2402.253391,111,CLOSED
XAUUSD,2026-08-31T16:25:00Z,2402.450592,2403.450592,2401.281309,2402.281309,112,CLOSED
XAUUSD,2026-08-31T16:30:00Z,2402.354241,2403.393263,2401.354241,2402.393263,100,CLOSED
XAUUSD,2026-08-31T16:35:00Z,2402.258355,2403.485795,2401.258355,2402.485795,101,CLOSED
XAUUSD,2026-08-31T16:40:00Z,2402.165605,2403.465547,2401.165605,2402.465547,102,CLOSED
XAUUSD,2026-08-31T16:45:00Z,2402.078589,2403.298168,2401.078589,2402.298168,103,CLOSED
XAUUSD,2026-08-31T16:50:00Z,2401.999791,2403.027098,2400.999791,2402.027098,104,CLOSED
XAUUSD,2026-08-31T16:55:00Z,2401.931541,2402.931541,2400.752658,2401.752658,105,CLOSED
XAUUSD,2026-08-31T17:00:00Z,2401.875979,2402.875979,2400.582076,2401.582076,106,CLOSED
XAUUSD,2026-08-31T17:05:00Z,2401.835026,2402.835026,2400.575889,2401.575889,107,CLOSED
XAUUSD,2026-08-31T17:10:00Z,2401.810345,2402.810345,2400.718044,2401.718044,108,CLOSED
XAUUSD,2026-08-31T17:15:00Z,2401.803324,2402.9249,2400.803324,2401.9249,109,CLOSED
XAUUSD,2026-08-31T17:20:00Z,2401.81505,2403.088542,2400.81505,2402.088542,110,CLOSED
XAUUSD,2026-08-31T17:25:00Z,2401.846294,2403.132316,2400.846294,2402.132316,111,CLOSED
XAUUSD,2026-08-31T17:30:00Z,2401.897498,2403.050279,2400.897498,2402.050279,112,CLOSED
XAUUSD,2026-08-31T17:35:00Z,2401.968771,2402.968771,2400.910445,2401.910445,100,CLOSED
XAUUSD,2026-08-31T17:40:00Z,2402.059884,2403.059884,2400.820178,2401.820178,101,CLOSED
XAUUSD,2026-08-31T17:45:00Z,2402.170278,2403.170278,2400.871358,2401.871358,102,CLOSED
XAUUSD,2026-08-31T17:50:00Z,2402.299072,2403.299072,2401.093283,2402.093283,103,CLOSED
XAUUSD,2026-08-31T17:55:00Z,2402.445074,2403.445074,2401.437297,2402.437297,104,CLOSED
XAUUSD,2026-08-31T18:00:00Z,2402.606808,2403.801007,2401.606808,2402.801007,105,CLOSED
XAUUSD,2026-08-31T18:05:00Z,2402.782531,2404.079731,2401.782531,2403.079731,106,CLOSED
XAUUSD,2026-08-31T18:10:00Z,2402.970263,2404.218997,2401.970263,2403.218997,107,CLOSED
XAUUSD,2026-08-31T18:15:00Z,2403.16782,2404.241319,2402.16782,2403.241319,108,CLOSED
XAUUSD,2026-08-31T18:20:00Z,2403.372848,2404.372848,2402.233654,2403.233654,109,CLOSED
XAUUSD,2026-08-31T18:25:00Z,2403.582861,2404.582861,2402.301914,2403.301914,110,CLOSED
XAUUSD,2026-08-31T18:30:00Z,2403.795282,2404.795282,2402.515766,2403.515766,111,CLOSED
XAUUSD,2026-08-31T18:35:00Z,2404.007481,2405.007481,2402.871852,2403.871852,112,CLOSED
XAUUSD,2026-08-31T18:40:00Z,2404.216821,2405.294202,2403.216821,2404.294202,100,CLOSED
XAUUSD,2026-08-31T18:45:00Z,2404.420698,2405.671651,2403.420698,2404.671651,101,CLOSED
XAUUSD,2026-08-31T18:50:00Z,2404.616583,2405.91321,2403.616583,2404.91321,102,CLOSED
XAUUSD,2026-08-31T18:55:00Z,2404.802065,2405.993189,2403.802065,2404.993189,103,CLOSED
XAUUSD,2026-08-31T19:00:00Z,2404.974885,2405.974885,2403.963099,2404.963099,104,CLOSED
XAUUSD,2026-08-31T19:05:00Z,2405.132978,2406.132978,2403.92429,2404.92429,105,CLOSED
XAUUSD,2026-08-31T19:10:00Z,2405.274504,2406.274504,2403.97527,2404.97527,106,CLOSED
XAUUSD,2026-08-31T19:15:00Z,2405.397876,2406.397876,2404.160602,2405.160602,107,CLOSED
XAUUSD,2026-08-31T19:20:00Z,2405.501789,2406.501789,2404.447402,2405.447402,108,CLOSED
XAUUSD,2026-08-31T19:25:00Z,2405.585242,2406.74146,2404.585242,2405.74146,109,CLOSED
XAUUSD,2026-08-31T19:30:00Z,2405.647552,2406.934758,2404.647552,2405.934758,110,CLOSED
XAUUSD,2026-08-31T19:35:00Z,2405.688369,2406.960188,2404.688369,2405.960188,111,CLOSED
XAUUSD,2026-08-31T19:40:00Z,2405.70768,2406.825579,2404.70768,2405.825579,112,CLOSED
XAUUSD,2026-08-31T19:45:00Z,2405.705813,2406.705813,2404.609704,2405.609704,100,CLOSED
XAUUSD,2026-08-31T19:50:00Z,2405.683431,2406.683431,2404.422297,2405.422297,101,CLOSED
XAUUSD,2026-08-31T19:55:00Z,2405.641526,2406.641526,2404.348453,2405.348453,102,CLOSED
XAUUSD,2026-08-31T20:00:00Z,2405.581401,2406.581401,2404.405754,2405.405754,103,CLOSED
XAUUSD,2026-08-31T20:05:00Z,2405.504652,2406.53595,2404.504652,2405.53595,104,CLOSED
XAUUSD,2026-08-31T20:10:00Z,2405.413148,2406.63544,2404.413148,2405.63544,105,CLOSED
XAUUSD,2026-08-31T20:15:00Z,2405.308996,2406.60899,2404.308996,2405.60899,106,CLOSED
XAUUSD,2026-08-31T20:20:00Z,2405.194517,2406.419321,2404.194517,2405.419321,107,CLOSED
XAUUSD,2026-08-31T20:25:00Z,2405.072205,2406.107247,2404.072205,2405.107247,108,CLOSED
XAUUSD,2026-08-31T20:30:00Z,2404.94469,2405.94469,2403.772111,2404.772111,109,CLOSED
XAUUSD,2026-08-31T20:35:00Z,2404.814703,2405.814703,2403.522458,2404.522458,110,CLOSED
XAUUSD,2026-08-31T20:40:00Z,2404.685027,2405.685027,2403.422059,2404.422059,111,CLOSED
XAUUSD,2026-08-31T20:45:00Z,2404.55846,2405.55846,2403.45879,2404.45879,112,CLOSED
XAUUSD,2026-08-31T20:50:00Z,2404.437769,2405.552195,2403.437769,2404.552195,100,CLOSED
XAUUSD,2026-08-31T20:55:00Z,2404.325652,2405.595856,2403.325652,2404.595856,101,CLOSED
XAUUSD,2026-08-31T21:00:00Z,2404.224689,2405.512961,2403.224689,2404.512961,102,CLOSED
XAUUSD,2026-08-31T21:05:00Z,2404.137311,2405.296733,2403.137311,2404.296733,103,CLOSED
XAUUSD,2026-08-31T21:10:00Z,2404.065756,2405.065756,2403.015079,2404.015079,104,CLOSED
XAUUSD,2026-08-31T21:15:00Z,2404.012041,2405.012041,2402.777091,2403.777091,105,CLOSED
XAUUSD,2026-08-31T21:20:00Z,2403.977923,2404.977923,2402.678444,2403.678444,106,CLOSED
XAUUSD,2026-08-31T21:25:00Z,2403.964881,2404.964881,2402.753502,2403.753502,107,CLOSED
XAUUSD,2026-08-31T21:30:00Z,2403.974086,2404.974086,2402.958537,2403.958537,108,CLOSED
XAUUSD,2026-08-31T21:35:00Z,2404.006387,2405.194593,2403.006387,2404.194593,109,CLOSED
XAUUSD,2026-08-31T21:40:00Z,2404.062298,2405.358339,2403.062298,2404.358339,110,CLOSED
XAUUSD,2026-08-31T21:45:00Z,2404.141987,2405.394986,2403.141987,2404.394986,111,CLOSED
XAUUSD,2026-08-31T21:50:00Z,2404.245278,2405.326293,2403.245278,2404.326293,112,CLOSED
XAUUSD,2026-08-31T21:55:00Z,2404.37165,2405.37165,2403.239393,2404.239393,100,CLOSED
XAUUSD,2026-08-31T22:00:00Z,2404.520248,2405.520248,2403.242123,2404.242123,101,CLOSED
XAUUSD,2026-08-31T22:05:00Z,2404.689894,2405.689894,2403.407648,2404.407648,102,CLOSED
XAUUSD,2026-08-31T22:10:00Z,2404.879106,2405.879106,2403.736586,2404.736586,103,CLOSED
XAUUSD,2026-08-31T22:15:00Z,2405.086122,2406.155964,2404.086122,2405.155964,104,CLOSED
XAUUSD,2026-08-31T22:20:00Z,2405.308926,2406.555534,2404.308926,2405.555534,105,CLOSED
XAUUSD,2026-08-31T22:25:00Z,2405.54528,2406.842971,2404.54528,2405.842971,106,CLOSED
XAUUSD,2026-08-31T22:30:00Z,2405.792758,2406.989812,2404.792758,2405.989812,107,CLOSED
XAUUSD,2026-08-31T22:35:00Z,2406.048782,2407.048782,2405.044771,2406.044771,108,CLOSED
XAUUSD,2026-08-31T22:40:00Z,2406.310664,2407.310664,2405.107632,2406.107632,109,CLOSED
XAUUSD,2026-08-31T22:45:00Z,2406.575647,2407.575647,2405.277069,2406.277069,110,CLOSED
XAUUSD,2026-08-31T22:50:00Z,2406.840946,2407.840946,2405.598993,2406.598993,111,CLOSED
XAUUSD,2026-08-31T22:55:00Z,2407.103792,2408.103792,2406.041775,2407.041775,112,CLOSED
XAUUSD,2026-08-31T23:00:00Z,2407.361474,2408.511,2406.361474,2407.511,100,CLOSED
XAUUSD,2026-08-31T23:05:00Z,2407.61138,2408.896243,2406.61138,2407.896243,101,CLOSED
XAUUSD,2026-08-31T23:10:00Z,2407.851038,2409.126057,2406.851038,2408.126057,102,CLOSED
XAUUSD,2026-08-31T23:15:00Z,2408.078153,2409.203164,2407.078153,2408.203164,103,CLOSED
XAUUSD,2026-08-31T23:20:00Z,2408.290641,2409.290641,2407.201932,2408.201932,104,CLOSED
XAUUSD,2026-08-31T23:25:00Z,2408.486662,2409.486662,2407.229444,2408.229444,105,CLOSED
XAUUSD,2026-08-31T23:30:00Z,2408.664647,2409.664647,2407.370011,2408.370011,106,CLOSED
XAUUSD,2026-08-31T23:35:00Z,2408.823321,2409.823321,2407.641429,2408.641429,107,CLOSED
XAUUSD,2026-08-31T23:40:00Z,2408.961723,2409.985276,2407.961723,2408.985276,108,CLOSED
XAUUSD,2026-08-31T23:45:00Z,2409.079218,2410.296212,2408.079218,2409.296212,109,CLOSED
XAUUSD,2026-08-31T23:50:00Z,2409.175507,2410.475351,2408.175507,2409.475351,110,CLOSED
XAUUSD,2026-08-31T23:55:00Z,2409.250629,2410.480508,2408.250629,2409.480508,111,CLOSED
XAUUSD,2026-09-01T00:00:00Z,2409.304964,2410.347718,2408.304964,2409.347718,112,CLOSED
XAUUSD,2026-09-01T00:05:00Z,2409.339217,2410.339217,2408.173057,2409.173057,100,CLOSED
XAUUSD,2026-09-01T00:10:00Z,2409.354414,2410.354414,2408.064024,2409.064024,101,CLOSED
XAUUSD,2026-09-01T00:15:00Z,2409.351881,2410.351881,2408.085258,2409.085258,102,CLOSED
XAUUSD,2026-09-01T00:20:00Z,2409.333222,2410.333222,2408.226251,2409.226251,103,CLOSED
XAUUSD,2026-09-01T00:25:00Z,2409.300293,2410.407492,2408.300293,2409.407492,104,CLOSED
XAUUSD,2026-09-01T00:30:00Z,2409.255173,2410.521907,2408.255173,2409.521907,105,CLOSED
XAUUSD,2026-09-01T00:35:00Z,2409.200127,2410.490456,2408.200127,2409.490456,106,CLOSED
XAUUSD,2026-09-01T00:40:00Z,2409.137574,2410.303531,2408.137574,2409.303531,107,CLOSED
XAUUSD,2026-09-01T00:45:00Z,2409.070044,2410.070044,2408.027048,2409.027048,108,CLOSED
XAUUSD,2026-09-01T00:50:00Z,2409.000138,2410.000138,2407.770103,2408.770103,109,CLOSED
XAUUSD,2026-09-01T00:55:00Z,2408.930488,2409.930488,2407.630652,2408.630652,110,CLOSED
XAUUSD,2026-09-01T01:00:00Z,2408.863714,2409.863714,2407.646888,2408.646888,111,CLOSED
XAUUSD,2026-09-01T01:05:00Z,2408.80238,2409.80238,2407.77907,2408.77907,112,CLOSED
XAUUSD,2026-09-01T01:10:00Z,2408.748955,2409.931041,2407.748955,2408.931041,100,CLOSED
XAUUSD,2026-09-01T01:15:00Z,2408.705772,2410.000454,2407.705772,2409.000454,101,CLOSED
XAUUSD,2026-09-01T01:20:00Z,2408.674992,2409.932084,2407.674992,2408.932084,102,CLOSED
XAUUSD,2026-09-01T01:25:00Z,2408.658567,2409.747043,2407.658567,2408.747043,103,CLOSED
XAUUSD,2026-09-01T01:30:00Z,2408.658209,2409.658209,2407.532977,2408.532977,104,CLOSED
XAUUSD,2026-09-01T01:35:00Z,2408.675367,2409.675367,2407.400251,2408.400251,105,CLOSED
XAUUSD,2026-09-01T01:40:00Z,2408.711194,2409.711194,2407.426407,2408.426407,106,CLOSED
XAUUSD,2026-09-01T01:45:00Z,2408.766536,2409.766536,2407.617221,2408.617221,107,CLOSED
XAUUSD,2026-09-01T01:50:00Z,2408.841916,2409.904171,2407.841916,2408.904171,108,CLOSED
XAUUSD,2026-09-01T01:55:00Z,2408.937524,2410.179621,2407.937524,2409.179621,109,CLOSED
XAUUSD,2026-09-01T02:00:00Z,2409.053213,2410.351767,2408.053213,2409.351767,110,CLOSED
XAUUSD,2026-09-01T02:05:00Z,2409.188501,2410.391354,2408.188501,2409.391354,111,CLOSED
XAUUSD,2026-09-01T02:10:00Z,2409.34258,2410.346347,2408.34258,2409.346347,112,CLOSED
XAUUSD,2026-09-01T02:15:00Z,2409.514324,2410.514324,2408.317086,2409.317086,100,CLOSED
XAUUSD,2026-09-01T02:20:00Z,2409.702309,2410.702309,2408.404589,2409.404589,101,CLOSED
XAUUSD,2026-09-01T02:25:00Z,2409.904835,2410.904835,2408.658366,2409.658366,102,CLOSED
XAUUSD,2026-09-01T02:30:00Z,2410.11995,2411.11995,2409.050345,2410.050345,103,CLOSED
XAUUSD,2026-09-01T02:35:00Z,2410.345482,2411.488216,2409.345482,2410.488216,104,CLOSED
XAUUSD,2026-09-01T02:40:00Z,2410.579071,2411.861399,2409.579071,2410.861399,105,CLOSED
XAUUSD,2026-09-01T02:45:00Z,2410.818208,2412.096241,2409.818208,2411.096241,106,CLOSED
XAUUSD,2026-09-01T02:50:00Z,2411.060271,2412.192309,2410.060271,2411.192309,107,CLOSED
XAUUSD,2026-09-01T02:55:00Z,2411.302568,2412.302568,2410.221318,2411.221318,108,CLOSED
XAUUSD,2026-09-01T03:00:00Z,2411.542379,2412.542379,2410.28925,2411.28925,109,CLOSED
XAUUSD,2026-09-01T03:05:00Z,2411.776998,2412.776998,2410.480997,2411.480997,110,CLOSED
XAUUSD,2026-09-01T03:10:00Z,2412.003774,2413.003774,2410.815759,2411.815759,111,CLOSED
XAUUSD,2026-09-01T03:15:00Z,2412.220157,2413.235949,2411.220157,2412.235949,112,CLOSED
XAUUSD,2026-09-01T03:20:00Z,2412.423732,2413.635283,2411.423732,2412.635283,100,CLOSED
XAUUSD,2026-09-01T03:25:00Z,2412.612261,2413.911754,2411.612261,2412.911754,101,CLOSED
XAUUSD,2026-09-01T03:30:00Z,2412.783718,2414.018516,2411.783718,2413.018516,102,CLOSED
XAUUSD,2026-09-01T03:35:00Z,2412.936321,2413.986758,2411.936321,2412.986758,103,CLOSED
XAUUSD,2026-09-01T03:40:00Z,2413.068558,2414.068558,2411.90893,2412.90893,104,CLOSED
XAUUSD,2026-09-01T03:45:00Z,2413.179215,2414.179215,2411.890876,2412.890876,105,CLOSED
XAUUSD,2026-09-01T03:50:00Z,2413.267394,2414.267394,2411.997296,2412.997296,106,CLOSED
XAUUSD,2026-09-01T03:55:00Z,2413.332526,2414.332526,2412.218325,2413.218325,107,CLOSED
XAUUSD,2026-09-01T04:00:00Z,2413.374383,2414.474281,2412.374383,2413.474281,108,CLOSED
XAUUSD,2026-09-01T04:05:00Z,2413.39308,2414.656166,2412.39308,2413.656166,109,CLOSED
XAUUSD,2026-09-01T04:10:00Z,2413.38908,2414.681269,2412.38908,2413.681269,110,CLOSED
XAUUSD,2026-09-01T04:15:00Z,2413.363178,2414.535557,2412.363178,2413.535557,111,CLOSED
XAUUSD,2026-09-01T04:20:00Z,2413.316498,2414.316498,2412.281214,2413.281214,112,CLOSED
XAUUSD,2026-09-01T04:25:00Z,2413.250474,2414.250474,2412.025509,2413.025509,100,CLOSED
XAUUSD,2026-09-01T04:30:00Z,2413.166826,2414.166826,2411.866833,2412.866833,101,CLOSED
XAUUSD,2026-09-01T04:35:00Z,2413.067538,2414.067538,2411.845409,2412.845409,102,CLOSED
XAUUSD,2026-09-01T04:40:00Z,2412.954826,2413.954826,2411.92377,2412.92377,103,CLOSED
XAUUSD,2026-09-01T04:45:00Z,2412.831105,2414.006949,2411.831105,2413.006949,104,CLOSED
XAUUSD,2026-09-01T04:50:00Z,2412.698954,2413.992079,2411.698954,2412.992079,105,CLOSED
XAUUSD,2026-09-01T04:55:00Z,2412.561074,2413.822088,2411.561074,2412.822088,106,CLOSED
XAUUSD,2026-09-01T05:00:00Z,2412.42025,2413.516128,2411.42025,2412.516128,107,CLOSED
XAUUSD,2026-09-01T05:05:00Z,2412.279308,2413.279308,2411.161185,2412.161185,108,CLOSED
XAUUSD,2026-09-01T05:10:00Z,2412.14107,2413.14107,2410.869148,2411.869148,109,CLOSED
XAUUSD,2026-09-01T05:15:00Z,2412.008316,2413.008316,2410.72118,2411.72118,110,CLOSED
XAUUSD,2026-09-01T05:20:00Z,2411.883735,2412.883735,2410.727725,2411.727725,111,CLOSED
XAUUSD,2026-09-01T05:25:00Z,2411.769892,2412.824518,2410.769892,2411.824518,112,CLOSED
XAUUSD,2026-09-01T05:30:00Z,2411.669185,2412.906607,2410.669185,2411.906607,100,CLOSED
XAUUSD,2026-09-01T05:35:00Z,2411.583807,2412.883023,2410.583807,2411.883023,101,CLOSED
XAUUSD,2026-09-01T05:40:00Z,2411.515719,2412.724233,2410.515719,2411.724233,102,CLOSED
XAUUSD,2026-09-01T05:45:00Z,2411.466615,2412.478158,2410.466615,2411.478158,103,CLOSED
XAUUSD,2026-09-01T05:50:00Z,2411.437901,2412.437901,2410.246589,2411.246589,104,CLOSED
XAUUSD,2026-09-01T05:55:00Z,2411.43067,2412.43067,2410.134006,2411.134006,105,CLOSED
XAUUSD,2026-09-01T06:00:00Z,2411.44569,2412.44569,2410.19487,2411.19487,106,CLOSED
XAUUSD,2026-09-01T06:05:00Z,2411.483394,2412.483394,2410.406247,2411.406247,107,CLOSED
XAUUSD,2026-09-01T06:10:00Z,2411.543868,2412.679713,2410.543868,2411.679713,108,CLOSED
XAUUSD,2026-09-01T06:15:00Z,2411.626858,2412.906461,2410.626858,2411.906461,109,CLOSED
XAUUSD,2026-09-01T06:20:00Z,2411.731771,2413.012632,2410.731771,2412.012632,110,CLOSED
XAUUSD,2026-09-01T06:25:00Z,2411.857688,2412.996666,2410.857688,2411.996666,111,CLOSED
XAUUSD,2026-09-01T06:30:00Z,2412.003376,2413.003376,2410.929641,2411.929641,112,CLOSED
XAUUSD,2026-09-01T06:35:00Z,2412.167312,2413.167312,2410.918442,2411.918442,100,CLOSED
XAUUSD,2026-09-01T06:40:00Z,2412.347704,2413.347704,2411.050537,2412.050537,101,CLOSED
XAUUSD,2026-09-01T06:45:00Z,2412.542522,2413.542522,2411.34851,2412.34851,102,CLOSED
XAUUSD,2026-09-01T06:50:00Z,2412.749533,2413.757553,2411.749533,2412.757553,103,CLOSED
XAUUSD,2026-09-01T06:55:00Z,2412.966329,2414.172295,2411.966329,2413.172295,104,CLOSED
XAUUSD,2026-09-01T07:00:00Z,2413.190375,2414.489316,2412.190375,2413.489316,105,CLOSED
XAUUSD,2026-09-01T07:05:00Z,2413.419041,2414.658601,2412.419041,2413.658601,106,CLOSED
XAUUSD,2026-09-01T07:10:00Z,2413.649649,2414.707736,2412.649649,2413.707736,107,CLOSED
XAUUSD,2026-09-01T07:15:00Z,2413.879513,2414.879513,2412.726523,2413.726523,108,CLOSED
XAUUSD,2026-09-01T07:20:00Z,2414.105981,2415.105981,2412.819886,2413.819886,109,CLOSED
XAUUSD,2026-09-01T07:25:00Z,2414.326479,2415.326479,2413.053087,2414.053087,110,CLOSED
XAUUSD,2026-09-01T07:30:00Z,2414.53855,2415.53855,2413.417196,2414.417196,111,CLOSED
XAUUSD,2026-09-01T07:35:00Z,2414.739892,2415.832424,2413.739892,2414.832424,112,CLOSED
XAUUSD,2026-09-01T07:40:00Z,2414.928395,2416.187654,2413.928395,2415.187654,100,CLOSED
XAUUSD,2026-09-01T07:45:00Z,2415.102175,2416.39603,2414.102175,2415.39603,101,CLOSED
XAUUSD,2026-09-01T07:50:00Z,2415.259603,2416.43829,2414.259603,2415.43829,102,CLOSED
XAUUSD,2026-09-01T07:55:00Z,2415.399328,2416.399328,2414.371779,2415.371779,103,CLOSED
XAUUSD,2026-09-01T08:00:00Z,2415.520302,2416.520302,2414.300558,2415.300558,104,CLOSED
XAUUSD,2026-09-01T08:05:00Z,2415.621794,2416.621794,2414.321847,2415.321847,105,CLOSED
XAUUSD,2026-09-01T08:10:00Z,2415.7034,2416.7034,2414.476119,2415.476119,106,CLOSED
XAUUSD,2026-09-01T08:15:00Z,2415.765053,2416.765053,2414.726272,2415.726272,107,CLOSED
XAUUSD,2026-09-01T08:20:00Z,2415.80702,2416.976504,2414.80702,2415.976504,108,CLOSED
XAUUSD,2026-09-01T08:25:00Z,2415.829899,2417.12127,2414.829899,2416.12127,109,CLOSED
XAUUSD,2026-09-01T08:30:00Z,2415.834609,2417.09937,2414.834609,2416.09937,110,CLOSED
XAUUSD,2026-09-01T08:35:00Z,2415.822375,2416.92559,2414.822375,2415.92559,111,CLOSED
XAUUSD,2026-09-01T08:40:00Z,2415.794709,2416.794709,2414.683775,2415.683775,112,CLOSED
XAUUSD,2026-09-01T08:45:00Z,2415.753386,2416.753386,2414.48484,2415.48484,100,CLOSED
XAUUSD,2026-09-01T08:50:00Z,2415.700412,2416.700412,2414.411119,2415.411119,101,CLOSED
XAUUSD,2026-09-01T08:55:00Z,2415.637997,2416.637997,2414.475397,2415.475397,102,CLOSED
XAUUSD,2026-09-01T09:00:00Z,2415.568519,2416.61548,2414.568519,2415.61548,103,CLOSED
XAUUSD,2026-09-01T09:05:00Z,2415.494481,2416.72707,2414.494481,2415.72707,104,CLOSED
XAUUSD,2026-09-01T09:10:00Z,2415.418478,2416.718155,2414.418478,2415.718155,105,CLOSED
XAUUSD,2026-09-01T09:15:00Z,2415.343149,2416.557185,2414.343149,2415.557185,106,CLOSED
XAUUSD,2026-09-01T09:20:00Z,2415.271141,2416.290451,2414.271141,2415.290451,107,CLOSED
XAUUSD,2026-09-01T09:25:00Z,2415.205061,2416.205061,2414.019804,2415.019804,108,CLOSED
XAUUSD,2026-09-01T09:30:00Z,2415.147439,2416.147439,2413.852032,2414.852032,109,CLOSED
XAUUSD,2026-09-01T09:35:00Z,2415.100683,2416.100683,2413.84568,2414.84568,110,CLOSED
XAUUSD,2026-09-01T09:40:00Z,2415.067045,2416.067045,2413.982409,2414.982409,111,CLOSED
XAUUSD,2026-09-01T09:45:00Z,2415.048581,2416.177446,2414.048581,2415.177446,112,CLOSED
XAUUSD,2026-09-01T09:50:00Z,2415.047117,2416.323808,2414.047117,2415.323808,100,CLOSED
XAUUSD,2026-09-01T09:55:00Z,2415.064225,2416.347726,2414.064225,2415.347726,101,CLOSED
XAUUSD,2026-09-01T10:00:00Z,2415.101191,2416.247014,2414.101191,2415.247014,102,CLOSED
XAUUSD,2026-09-01T10:05:00Z,2415.158996,2416.158996,2414.092823,2415.092823,103,CLOSED
XAUUSD,2026-09-01T10:10:00Z,2415.238299,2416.238299,2413.993856,2414.993856,104,CLOSED
XAUUSD,2026-09-01T10:15:00Z,2415.339428,2416.339428,2414.041294,2415.041294,105,CLOSED
XAUUSD,2026-09-01T10:20:00Z,2415.462369,2416.462369,2414.26249,2415.26249,106,CLOSED
XAUUSD,2026-09-01T10:25:00Z,2415.606769,2416.607013,2414.606769,2415.607013,107,CLOSED
XAUUSD,2026-09-01T10:30:00Z,2415.771938,2416.97218,2414.771938,2415.97218,108,CLOSED
XAUUSD,2026-09-01T10:35:00Z,2415.956858,2417.255045,2414.956858,2416.255045,109,CLOSED
XAUUSD,2026-09-01T10:40:00Z,2416.1602,2417.404361,2415.1602,2416.404361,110,CLOSED
XAUUSD,2026-09-01T10:45:00Z,2416.380341,2417.446038,2415.380341,2416.446038,111,CLOSED
XAUUSD,2026-09-01T10:50:00Z,2416.61539,2417.61539,2415.469141,2416.469141,112,CLOSED
XAUUSD,2026-09-01T10:55:00Z,2416.863214,2417.863214,2415.579555,2416.579555,100,CLOSED
XAUUSD,2026-09-01T11:00:00Z,2417.121474,2418.121474,2415.844972,2416.844972,101,CLOSED
XAUUSD,2026-09-01T11:05:00Z,2417.387654,2418.387654,2416.259228,2417.259228,102,CLOSED
XAUUSD,2026-09-01T11:10:00Z,2417.659106,2418.744209,2416.659106,2417.744209,103,CLOSED
XAUUSD,2026-09-01T11:15:00Z,2417.933085,2419.188344,2416.933085,2418.188344,104,CLOSED
XAUUSD,2026-09-01T11:20:00Z,2418.206794,2419.502116,2417.206794,2418.502116,105,CLOSED
XAUUSD,2026-09-01T11:25:00Z,2418.477424,2419.662298,2417.477424,2418.662298,106,CLOSED
XAUUSD,2026-09-01T11:30:00Z,2418.7422,2419.7422,2417.722404,2418.722404,107,CLOSED
XAUUSD,2026-09-01T11:35:00Z,2418.998418,2419.998418,2417.784042,2418.784042,108,CLOSED
XAUUSD,2026-09-01T11:40:00Z,2419.243494,2420.243494,2417.943794,2418.943794,109,CLOSED
XAUUSD,2026-09-01T11:45:00Z,2419.474995,2420.474995,2418.242715,2419.242715,110,CLOSED
XAUUSD,2026-09-01T11:50:00Z,2419.690684,2420.690684,2418.644204,2419.644204,111,CLOSED
XAUUSD,2026-09-01T11:55:00Z,2419.888547,2421.051556,2418.888547,2420.051556,112,CLOSED
