symbol,time_utc,bid,ask,source_id,available_at
XAUUSD,2025-01-02T11:59:59Z,100,100.1,MT5_SYNTHETIC_FIXTURE_NOT_BROKER,2025-01-02T11:59:59Z
XAUUSD,2025-01-02T12:00:01Z,100,100.1,MT5_SYNTHETIC_FIXTURE_NOT_BROKER,2025-01-02T12:00:01Z
XAUUSD,2025-01-02T12:00:02Z,100.1,100.2,MT5_SYNTHETIC_FIXTURE_NOT_BROKER,2025-01-02T12:00:02Z
XAUUSD,2025-01-02T12:00:03Z,101.8,101.9,MT5_SYNTHETIC_FIXTURE_NOT_BROKER,2025-01-02T12:00:03Z
XAUUSD,2025-01-04T11:59:59Z,100,100.1,MT5_SYNTHETIC_FIXTURE_NOT_BROKER,2025-01-04T11:59:59Z
XAUUSD,2025-01-04T12:00:01Z,100,100.1,MT5_SYNTHETIC_FIXTURE_NOT_BROKER,2025-01-04T12:00:01Z
XAUUSD,2025-01-04T12:00:02Z,99.9,100,MT5_SYNTHETIC_FIXTURE_NOT_BROKER,2025-01-04T12:00:02Z
XAUUSD,2025-01-04T12:00:03Z,101.5,101.6,MT5_SYNTHETIC_FIXTURE_NOT_BROKER,2025-01-04T12:00:03Z
XAUUSD,2025-01-06T00:01:00Z,101.0,101.1,MT5_SYNTHETIC_FIXTURE_NOT_BROKER,2025-01-06T00:01:00Z
